Code,DisplayName,UserPrincipalName,Pw,MailNickname,GivenName,Surname,JobTitle,Department
1,Brooke1 Scott1,brooke1.scott1@MCSlabs.onmicrosoft.com,TGBlv)Lq4$,brooke1,Brooke1,Scott1,"Surveyor, hydrographic",miss
2,Luis2 Donaldson2,luis2.donaldson2@MCSlabs.onmicrosoft.com,bTVzVcNn^b,luis2,Luis2,Donaldson2,Investment analyst,already
3,Derek3 Newton3,derek3.newton3@MCSlabs.onmicrosoft.com,4eDzc2tpT),derek3,Derek3,Newton3,Furniture conservator/restorer,American
4,Laurie4 Golden4,laurie4.golden4@MCSlabs.onmicrosoft.com,0Uq4PkO&T!,laurie4,Laurie4,Golden4,"Accountant, chartered public finance",particular
5,Kyle5 Kemp5,kyle5.kemp5@MCSlabs.onmicrosoft.com,P@DP#aOy^5,kyle5,Kyle5,Kemp5,Maintenance engineer,likely
6,Susan6 Osborne6,susan6.osborne6@MCSlabs.onmicrosoft.com,VYRAfFDd0),susan6,Susan6,Osborne6,Senior tax professional/tax inspector,summer
7,Jessica7 Hodges7,jessica7.hodges7@MCSlabs.onmicrosoft.com,%@85*IBkt5,jessica7,Jessica7,Hodges7,Oncologist,wish
8,Judy8 Jimenez8,judy8.jimenez8@MCSlabs.onmicrosoft.com,#dBRX4n@Iz,judy8,Judy8,Jimenez8,Systems developer,TV
9,Derek9 Miller9,derek9.miller9@MCSlabs.onmicrosoft.com,eWK^c2sVjZ,derek9,Derek9,Miller9,"Investment banker, corporate",senior
10,John10 Jackson10,john10.jackson10@MCSlabs.onmicrosoft.com,*MU^$w^lC*,john10,John10,Jackson10,Therapeutic radiographer,through
11,Cheryl11 Pacheco11,cheryl11.pacheco11@MCSlabs.onmicrosoft.com,O0RyzSwa4$,cheryl11,Cheryl11,Pacheco11,Sport and exercise psychologist,treatment
12,Christopher12 Gates12,christopher12.gates12@MCSlabs.onmicrosoft.com,%LEX@D*2y),christopher12,Christopher12,Gates12,Contracting civil engineer,economy
13,Shannon13 Peterson13,shannon13.peterson13@MCSlabs.onmicrosoft.com,a&iCa32oiM,shannon13,Shannon13,Peterson13,Marine scientist,two
14,Travis14 Torres14,travis14.torres14@MCSlabs.onmicrosoft.com,b3aL(LBct5,travis14,Travis14,Torres14,"Engineer, manufacturing systems",page
15,Brenda15 Lopez15,brenda15.lopez15@MCSlabs.onmicrosoft.com,VBHs^!FpY5,brenda15,Brenda15,Lopez15,"Scientist, marine",statement
16,Carol16 White16,carol16.white16@MCSlabs.onmicrosoft.com,e8054DHadQ,carol16,Carol16,White16,"Optician, dispensing",single
17,Joshua17 Bailey17,joshua17.bailey17@MCSlabs.onmicrosoft.com,1QJOcM^)uX,joshua17,Joshua17,Bailey17,Civil Service administrator,our
18,Michael18 Weaver18,michael18.weaver18@MCSlabs.onmicrosoft.com,qF^GbCg2Z!,michael18,Michael18,Weaver18,Podiatrist,each
19,Rhonda19 Johnson19,rhonda19.johnson19@MCSlabs.onmicrosoft.com,#OcWlUly26,rhonda19,Rhonda19,Johnson19,Tourist information centre manager,senior
20,Brian20 Long20,brian20.long20@MCSlabs.onmicrosoft.com,WI0yi39Mxy,brian20,Brian20,Long20,"Engineer, maintenance (IT)",democratic
21,Monica21 Stout21,monica21.stout21@MCSlabs.onmicrosoft.com,qB2&Uap(Qr,monica21,Monica21,Stout21,Nature conservation officer,system
22,Michael22 Wagner22,michael22.wagner22@MCSlabs.onmicrosoft.com,SaXvi8^Qut,michael22,Michael22,Wagner22,IT technical support officer,attack
23,Douglas23 Turner23,douglas23.turner23@MCSlabs.onmicrosoft.com,FgCNL11Zlf,douglas23,Douglas23,Turner23,"Embryologist, clinical",have
24,Cynthia24 Kelly24,cynthia24.kelly24@MCSlabs.onmicrosoft.com,OTtJLiai)g,cynthia24,Cynthia24,Kelly24,"Embryologist, clinical",ready
25,Megan25 Larson25,megan25.larson25@MCSlabs.onmicrosoft.com,urzNkSesAy,megan25,Megan25,Larson25,"Engineer, chemical",event
26,Kimberly26 Wilson26,kimberly26.wilson26@MCSlabs.onmicrosoft.com,Vp8xR1F6(P,kimberly26,Kimberly26,Wilson26,Warehouse manager,market
27,Erin27 Werner27,erin27.werner27@MCSlabs.onmicrosoft.com,H4^I#TfbeB,erin27,Erin27,Werner27,IT technical support officer,partner
28,Jesus28 Maldonado28,jesus28.maldonado28@MCSlabs.onmicrosoft.com,6gst10)6Iw,jesus28,Jesus28,Maldonado28,Curator,kind
29,Jordan29 Brown29,jordan29.brown29@MCSlabs.onmicrosoft.com,9JpK&xf7wH,jordan29,Jordan29,Brown29,"Doctor, general practice",what
30,Lee30 Ramirez30,lee30.ramirez30@MCSlabs.onmicrosoft.com,KCSSk2x!9v,lee30,Lee30,Ramirez30,"Lecturer, higher education",kid
31,Mark31 Williams31,mark31.williams31@MCSlabs.onmicrosoft.com,LDT82FI0KF,mark31,Mark31,Williams31,Mudlogger,safe
32,Kathleen32 Lin32,kathleen32.lin32@MCSlabs.onmicrosoft.com,lH11QW(g56,kathleen32,Kathleen32,Lin32,Nutritional therapist,million
33,Philip33 Monroe33,philip33.monroe33@MCSlabs.onmicrosoft.com,ThfStw9XA*,philip33,Philip33,Monroe33,Prison officer,yourself
34,Thomas34 Hunt34,thomas34.hunt34@MCSlabs.onmicrosoft.com,!AiQp7qs@F,thomas34,Thomas34,Hunt34,Naval architect,down
35,Tiffany35 Greene35,tiffany35.greene35@MCSlabs.onmicrosoft.com,Im@vxizrRP,tiffany35,Tiffany35,Greene35,Geoscientist,mention
36,Kevin36 Solomon36,kevin36.solomon36@MCSlabs.onmicrosoft.com,#M(4OVTcub,kevin36,Kevin36,Solomon36,Prison officer,peace
37,Caroline37 Daniel37,caroline37.daniel37@MCSlabs.onmicrosoft.com,^VHjxVNSXw,caroline37,Caroline37,Daniel37,"Scientist, forensic",range
38,Judy38 Mendoza38,judy38.mendoza38@MCSlabs.onmicrosoft.com,ZNvbYn0JaI,judy38,Judy38,Mendoza38,Bookseller,risk
39,Kimberly39 Cooper39,kimberly39.cooper39@MCSlabs.onmicrosoft.com,NMAA%u24Uy,kimberly39,Kimberly39,Cooper39,Purchasing manager,side
40,Melanie40 Cunningham40,melanie40.cunningham40@MCSlabs.onmicrosoft.com,Ex@5ON5hdS,melanie40,Melanie40,Cunningham40,Geoscientist,east
41,Timothy41 Gomez41,timothy41.gomez41@MCSlabs.onmicrosoft.com,IXxGj%P&#6,timothy41,Timothy41,Gomez41,Advertising copywriter,deep
42,Marie42 Martinez42,marie42.martinez42@MCSlabs.onmicrosoft.com,3*3cA8&jW1,marie42,Marie42,Martinez42,Secondary school teacher,each
43,Melinda43 MD43,melinda43.md43@MCSlabs.onmicrosoft.com,jx@6FEsaV4,melinda43,Melinda43,MD43,Product designer,main
44,Brian44 Bryant44,brian44.bryant44@MCSlabs.onmicrosoft.com,pPz3oE7WCq,brian44,Brian44,Bryant44,Forest/woodland manager,out
45,Ms.45 Shaw45,ms.45.shaw45@MCSlabs.onmicrosoft.com,5)VsYDzh!8,ms.45,Ms.45,Shaw45,"Designer, furniture",suggest
46,Jacqueline46 Holloway46,jacqueline46.holloway46@MCSlabs.onmicrosoft.com,VeR6ZjWoxW,jacqueline46,Jacqueline46,Holloway46,Outdoor activities/education manager,political
47,Dawn47 Underwood47,dawn47.underwood47@MCSlabs.onmicrosoft.com,Z1w7*3UO9F,dawn47,Dawn47,Underwood47,Tax inspector,trouble
48,James48 Pierce48,james48.pierce48@MCSlabs.onmicrosoft.com,ZL@U#m#LNm,james48,James48,Pierce48,Advertising account executive,practice
49,Richard49 Castro49,richard49.castro49@MCSlabs.onmicrosoft.com,Uon5AcooD1,richard49,Richard49,Castro49,Animal technologist,spend
50,Candice50 Moreno50,candice50.moreno50@MCSlabs.onmicrosoft.com,T#!wejIiMx,candice50,Candice50,Moreno50,Systems developer,country
51,Vincent51 DDS51,vincent51.dds51@MCSlabs.onmicrosoft.com,6d&bnzkUQ7,vincent51,Vincent51,DDS51,Astronomer,traditional
52,Elizabeth52 Sanchez52,elizabeth52.sanchez52@MCSlabs.onmicrosoft.com,QAG^dXzUg4,elizabeth52,Elizabeth52,Sanchez52,Furniture designer,remember
53,Scott53 Bell53,scott53.bell53@MCSlabs.onmicrosoft.com,dNPj2rhtZm,scott53,Scott53,Bell53,"Psychologist, counselling",today
54,Jay54 Grant54,jay54.grant54@MCSlabs.onmicrosoft.com,*!MFRxJ^mN,jay54,Jay54,Grant54,Museum/gallery curator,owner
55,Christopher55 Adkins55,christopher55.adkins55@MCSlabs.onmicrosoft.com,j3rnl&e)67,christopher55,Christopher55,Adkins55,Corporate investment banker,may
56,Craig56 White56,craig56.white56@MCSlabs.onmicrosoft.com,VNIUQ3C)8e,craig56,Craig56,White56,Amenity horticulturist,ahead
57,Jeffrey57 MD57,jeffrey57.md57@MCSlabs.onmicrosoft.com,lrp@wddzOx,jeffrey57,Jeffrey57,MD57,"Clinical scientist, histocompatibility and immunogenetics",fill
58,Tina58 Owens58,tina58.owens58@MCSlabs.onmicrosoft.com,5TpMYsOSZ#,tina58,Tina58,Owens58,Geochemist,site
59,Alicia59 Oconnor59,alicia59.oconnor59@MCSlabs.onmicrosoft.com,*7MPRIdFxV,alicia59,Alicia59,Oconnor59,Ceramics designer,work
60,Ashley60 Velez60,ashley60.velez60@MCSlabs.onmicrosoft.com,!F9m)V&lAJ,ashley60,Ashley60,Velez60,Camera operator,between
61,Charles61 Jones61,charles61.jones61@MCSlabs.onmicrosoft.com,41gDF@owZd,charles61,Charles61,Jones61,Television floor manager,only
62,Elizabeth62 Ryan62,elizabeth62.ryan62@MCSlabs.onmicrosoft.com,qw@yqr1FWy,elizabeth62,Elizabeth62,Ryan62,Illustrator,nation
63,Joseph63 Bishop63,joseph63.bishop63@MCSlabs.onmicrosoft.com,PKuMyyZU*),joseph63,Joseph63,Bishop63,Legal secretary,store
64,Tracy64 Malone64,tracy64.malone64@MCSlabs.onmicrosoft.com,IRdnMXj9&m,tracy64,Tracy64,Malone64,Dealer,professional
65,David65 Howell65,david65.howell65@MCSlabs.onmicrosoft.com,@niKPn!Vl6,david65,David65,Howell65,Fisheries officer,foreign
66,Thomas66 Harrison66,thomas66.harrison66@MCSlabs.onmicrosoft.com,y52H^MYLZ4,thomas66,Thomas66,Harrison66,Technical sales engineer,prove
67,Thomas67 Martin67,thomas67.martin67@MCSlabs.onmicrosoft.com,ecHj7!2o!T,thomas67,Thomas67,Martin67,Theatre director,yet
68,Joshua68 Martin68,joshua68.martin68@MCSlabs.onmicrosoft.com,Pmd!lyxOA0,joshua68,Joshua68,Martin68,"Engineer, materials",fact
69,Ashley69 Hall69,ashley69.hall69@MCSlabs.onmicrosoft.com,*^ffbi^Tjo,ashley69,Ashley69,Hall69,Human resources officer,popular
70,Alexandra70 Wallace70,alexandra70.wallace70@MCSlabs.onmicrosoft.com,KZdMg&RNx^,alexandra70,Alexandra70,Wallace70,Rural practice surveyor,pressure
71,Spencer71 Chen71,spencer71.chen71@MCSlabs.onmicrosoft.com,i2ockmqjU1,spencer71,Spencer71,Chen71,"Research officer, government",work
72,Erin72 Wiley72,erin72.wiley72@MCSlabs.onmicrosoft.com,njblteUSO%,erin72,Erin72,Wiley72,Commercial art gallery manager,method
73,Tony73 Bryant73,tony73.bryant73@MCSlabs.onmicrosoft.com,vw#RkEJ(AX,tony73,Tony73,Bryant73,Mudlogger,style
74,Martha74 Wiley74,martha74.wiley74@MCSlabs.onmicrosoft.com,LFRQQsU2xH,martha74,Martha74,Wiley74,Insurance broker,group
75,Maurice75 Kirby75,maurice75.kirby75@MCSlabs.onmicrosoft.com,0qO0&GyK*x,maurice75,Maurice75,Kirby75,Research scientist (medical),expect
76,Steven76 Blevins76,steven76.blevins76@MCSlabs.onmicrosoft.com,F6BoOH*KTa,steven76,Steven76,Blevins76,IT sales professional,people
77,Stephen77 Lynch77,stephen77.lynch77@MCSlabs.onmicrosoft.com,NOX2!r@tvV,stephen77,Stephen77,Lynch77,Immunologist,main
78,David78 Meadows78,david78.meadows78@MCSlabs.onmicrosoft.com,4&05(oPhd9,david78,David78,Meadows78,Analytical chemist,current
79,Bryan79 Hancock79,bryan79.hancock79@MCSlabs.onmicrosoft.com,!$RQ3yTGZk,bryan79,Bryan79,Hancock79,Education administrator,result
80,Nicholas80 Hobbs80,nicholas80.hobbs80@MCSlabs.onmicrosoft.com,iZFTEwon08,nicholas80,Nicholas80,Hobbs80,Paramedic,nearly
81,Tara81 Knight81,tara81.knight81@MCSlabs.onmicrosoft.com,Up(ri*P3O$,tara81,Tara81,Knight81,Systems developer,case
82,Tiffany82 Arias82,tiffany82.arias82@MCSlabs.onmicrosoft.com,mHS!v5pxKQ,tiffany82,Tiffany82,Arias82,"Surveyor, building",model
83,Andrew83 Snyder83,andrew83.snyder83@MCSlabs.onmicrosoft.com,A^vpxVfOM(,andrew83,Andrew83,Snyder83,Software engineer,current
84,Mary84 Hernandez84,mary84.hernandez84@MCSlabs.onmicrosoft.com,OpKO2f5QXs,mary84,Mary84,Hernandez84,"Scientist, research (medical)",nothing
85,William85 Jackson85,william85.jackson85@MCSlabs.onmicrosoft.com,vZV!c7^p!D,william85,William85,Jackson85,Barrister's clerk,player
86,Aaron86 Williams86,aaron86.williams86@MCSlabs.onmicrosoft.com,OIrMHS#Dl3,aaron86,Aaron86,Williams86,Travel agency manager,defense
87,Michael87 Rivera87,michael87.rivera87@MCSlabs.onmicrosoft.com,@5OhK11qoL,michael87,Michael87,Rivera87,"Engineer, civil (contracting)",last
88,Kristopher88 Mcguire88,kristopher88.mcguire88@MCSlabs.onmicrosoft.com,$2!mg8%^GJ,kristopher88,Kristopher88,Mcguire88,Television floor manager,sit
89,Linda89 Hall89,linda89.hall89@MCSlabs.onmicrosoft.com,DF2QLLi2cg,linda89,Linda89,Hall89,Accounting technician,believe
90,Emma90 Lewis90,emma90.lewis90@MCSlabs.onmicrosoft.com,Xf9!D@yivO,emma90,Emma90,Lewis90,Drilling engineer,maybe
91,Brooke91 Scott91,brooke91.scott91@MCSlabs.onmicrosoft.com,eNIc!Qbga@,brooke91,Brooke91,Scott91,"Surveyor, hydrographic",miss
92,Luis92 Donaldson92,luis92.donaldson92@MCSlabs.onmicrosoft.com,^p4svEk*hz,luis92,Luis92,Donaldson92,Investment analyst,already
93,Derek93 Newton93,derek93.newton93@MCSlabs.onmicrosoft.com,eSo@@S!#v*,derek93,Derek93,Newton93,Furniture conservator/restorer,American
94,Laurie94 Golden94,laurie94.golden94@MCSlabs.onmicrosoft.com,wF8KCcl#)%,laurie94,Laurie94,Golden94,"Accountant, chartered public finance",particular
95,Kyle95 Kemp95,kyle95.kemp95@MCSlabs.onmicrosoft.com,(%PILZ)k8y,kyle95,Kyle95,Kemp95,Maintenance engineer,likely
96,Susan96 Osborne96,susan96.osborne96@MCSlabs.onmicrosoft.com,oHOJZxYHVo,susan96,Susan96,Osborne96,Senior tax professional/tax inspector,summer
97,Jessica97 Hodges97,jessica97.hodges97@MCSlabs.onmicrosoft.com,zbzd5ln05!,jessica97,Jessica97,Hodges97,Oncologist,wish
98,Judy98 Jimenez98,judy98.jimenez98@MCSlabs.onmicrosoft.com,go@HOAcEXB,judy98,Judy98,Jimenez98,Systems developer,TV
99,Derek99 Miller99,derek99.miller99@MCSlabs.onmicrosoft.com,$qR#q1Pm&N,derek99,Derek99,Miller99,"Investment banker, corporate",senior
100,John100 Jackson100,john100.jackson100@MCSlabs.onmicrosoft.com,pEbq&y0N9L,john100,John100,Jackson100,Therapeutic radiographer,through
